TARO,Taro Pharmaceutical Industries Ltd.,IL0010827181
TARO,Tamin Daroo,IRO1DTIP0007
TARO,Pars Darou Co.,IRO1PDRO0001
TARO,Jaam Darou Co.,IRO1JAMD0000
TARO,Darou Pakhsh,IRO1DARO0008
TARO,Talon Metals Corp,VGG866591024
TARO,Taruga Gold Ltd,AU000000TAR7
TARO,Rouz Darou Pharmacutical,IRO1ROZD0009
TARO,Talon International Inc,US87484F1084
TARO,Sina Darou Laboratories,IRO1DSIN0000
TARO,Talon Petroleum Ltd,AU000000TPD5
TEVA PFD 7,Teva Pharmaceutical Industries Ltd 7 % Conv.Cum.Pfd Shs Mandatory Conv. 15.12.2018,IL0062905489
MTIאם טי איי MWE.L,Not found,-
