101,"הראל אג""ח עד 25% מניות"
103,מיטב דש גמל לבני  50-60
107,"הלמן-אלדובי בר-יציב אג""ח עד 25% במניות"
117,"כלל תמר אג""ח"
118,אנליסט קופה מרכזית לפיצויים מסלול כללי
119,מנורה מבטחים יותר מסלול ד
120,מיטב דש ביטחון מבטיח תשואה 4.5%
124,כלל תמר מדד
127,כלל תמר מניות
128,כלל תמר שקלי טווח קצר
130,שובל
132,הלמן-אלדובי השתלמות כללי
150,פסגות שיא פיצויים כללי
152,כלל ברזל
154,הראל השתלמות כללי
155,"הראל קמ""פ מסלול כללי"
199,"מגדל השתלמות אג""ח"
205,"פסגות גדיש חו""ל"
211,"אקסלנס גמל אג""ח עד 15% מניות"
218,"אוניברסיטת ת""א - מסלול כללי"
219,אלמוג
223,"מיטב דש גמל אג""ח ללא מניות"
229,קופת התגמולים של עובדי בנק לאומי
233,"בל""ד"
237,פסגות פיצויים כללי
239,דיסקונט לפיצויים
241,כלל פיצויים למעסיק
242,אקסלנס מרכזית לפיצויים
253,כלל תמר כללי
257,הלמן-אלדובי בר-יציב ישראל
259,הלמן-אלדובי בר-יציב כללי (לשעבר קופת פקידי מרכנתיל דיסקונט)
260,מנורה מבטחים אמיר כללי
262,הלמן-אלדובי פיצויים כללי
263,בר
270,פסגות גדיש אגח עד 20% מניות
282,מישור
284,מורים וגננות - מסלול כללי
285,מורים תיכוניים - מסלול כללי
286,אומגה קרן השתלמות מסלול כללי
288,קרן השתלמות לאקדמאים במדעי החברה והרוח מסלול כללי
289,קרן השתלמות לעובדי בנק ישראל
290,הנדסאים וטכנאים - מסלול כללי
292,השתלמות משפטנים
293,ק.ס.מ
294,השתלמות שופטים
295,ק.ה.ר
299,מינהל-השתלמות - כללי
308,חקלאים-חופשה
317,מבטחים קרן חופשה כללית
328,נייר אמריקאי
372,שיבולת-תגמולים
378,ק.ל.ע מסלול כללי
382,עובדי מדינה - כללי
384,אקסלנס מרכזית לפיצויים עד 15% מניות
385,"אקסלנס גמל אג""ח ללא מניות"
392,רעות-כללי
394,"קרן השתלמות עוצ""מ"
395,"הלמן-אלדובי השתלמות אג""ח עד 25% במניות"
396,פסגות שיא השתלמות כללי
398,איילון השתלמות כללי
401,"אקסלנס גמל אג""ח עד 25% מניות"
408,רום  קרן השתלמות לעובדי רשויות מקומיות - קלאסי כללי
416,"הראל השתלמות אג""ח עד 20% מניות"
418,אחים ואחיות - מסלול כללי
419,השתלמות רופאים כללי
420,פ.ר.ח - כללי
423,קרן השתלמות עובדי חברת חשמל
429,אי.בי.אי - נגב קופה מרכזית לפיצויים רב מסלולים
438,קרן החיסכון לצבא הקבע כללי
443,כלל מרכזית לפיצויים
456,כלל השתלמות כללי
470,מגדל השתלמות לבני 60 ומעלה
472,"אלטשולר שחם גמל אג""ח עד 15% במניות"
481,מיטב דש השתלמות  כללי פאסיבי
482,מורים על יסודי
484,מורים וגננות - מסלול כללי
485,מורים תיכוניים - מסלול כללי
502,"הראל גמל מסלול אג""ח עד 20% מניות"
505,סוכנות-תגמולים
507,חקלאים-אחרות
510,יובלים-אחרות
512,איילון מרכזית לפיצויים כללי
513,מקפת-אחרות
521,"הפניקס תגמולים ופיצויים - מסלול אג""ח עד 25% מניות"
523,בנין-אחרות
526,מבטחים-אחרות
528,אקסלנס גמולה מבטיחת תשואה
529,מיטב דש ביטחון מבטיח תשואה 5.5%
530,מנורה מבטחים יותר מסלול א
531,מנורה מבטחים יותר מסלול ב
532,מנורה מבטחים יותר מסלול ג
533,מנורה מבטחים אמיר מדד ידוע
536,מנורה מבטחים אמיר מדד בגין
539,בר א
551,מיטב דש גמל לבני 60 ומעלה
554,מיטב דש השתלמות עד 6 שנות וותק
556,מחוג מסלול כללי
558,"אלטשולר שחם השתלמות אג""ח עד 15% במניות"
566,הראל השתלמות לטווח ארוך (מסלול לאוכלוסיית יעד)
579,מגדל השתלמות כללי
580,שיבולת - השתלמות
581,כור - תדיראן קופת גמל מרכזית לפיצויים
582,כור-תדיראן מסלול כללי
586,יובלים-חופשה
588,"אלטשולר שחם פיצויים אג""ח עד 15% במניות"
592,כלל תמר שקלים
599,"מגדל השתלמות אג""ח עד 10% מניות"
601,יובלים - מחלה
610,"פסגות שיא השתלמות אג""ח"
611,פסגות שיא השתלמות כספי
612,פסגות שיא השתלמות מניות
614,כלל גמל-מסלולית
615,תצפית
616,פסגות מסלולית לפיצויים
681,"הלמן-אלדובי בר-יציב אג""ח עד 20% במניות"
682,סנונית
684,הדס
686,אקסלנס השתלמות כללי
715,אקסלנס השתלמות שקלי טווח קצר
716,"אקסלנס השתלמות אג""ח ללא מניות"
722,"הלמן-אלדובי בר-יציב אג""ח צמוד מדד"
723,הלמן-אלדובי בר-יציב שקלי
724,הלמן-אלדובי בר-יציב מניות
736,"הלמן-אלדובי השתלמות אג""ח"
737,הלמן-אלדובי השתלמות שקלי
738,הלמן-אלדובי השתלמות מניות
739,"הראל קמ""פ מסלול מניות"
741,"הראל קמ""פ מסלול אג""ח צמוד מדד"
742,"הראל קמ""פ מסלול שקלי"
743,"הראל קמ""פ אג""ח עד 15% מניות"
744,מגדל לתגמולים ולפיצויים כללי
745,מגדל-מרכזית לפיצויים
761,הראל גמל מסלול מניות
762,"הראל גמל מסלול אג""ח עד 10% מניות"
763,הראל השתלמות מסלול מניות
764,"הראל השתלמות אג""ח עד 10% מניות"
767,מיטב דש גמל הלכה
768,מיטב דש השתלמות כהלכה
769,מיטב דש פיצויים שוהם כהלכה
792,"אקסלנס גמל אג""ח צמוד מדד"
801,אקסלנס מרכזית לפיצויים שקלי
804,אקסלנס מרכזית לפיצויים מחקה מדדי מניות
806,אקסלנס מרכזית לפיצויים צמוד מדד
811,אנליסט גמל ישראל
813,"אנליסט גמל אג""ח"
814,אנליסט גמל מניות
815,אנליסט גמל שקלי
817,"אנליסט גמל מניות בחו""ל"
818,"אנליסט גמל  חו""ל"
820,הראל רבת מסלולים
827,מבטחים מרכזית לפיצויים
828,מנורה מבטחים השתלמות-להבה כללי
835,פסגות גדיש אגח צמוד מדד
839,פסגות שיא פיצויים כספית
840,פסגות שיא פיצויים שקלית ללא מניות
842,פסגות שיא פיצויים מדדית ללא מניות
844,פסגות שיא פיצויים מניות
845,פסגות שיא פיצויים עד 10% מניות
857,הראל דקל
858,מגדל לתגמולים ולפיצויים שקלי טווח קצר
859,"מגדל לתגמולים ולפיצויים אג""ח ממשלתי ישראלי"
860,מגדל לתגמולים ולפיצויים צמוד מדד
862,"מגדל לתגמולים ולפיצויים חו""ל"
863,מגדל לתגמולים ולפיצויים מניות
864,מגדל השתלמות שקלי טווח קצר
865,"מגדל השתלמות אג""ח ממשלתי ישראלי"
868,"מגדל השתלמות חו""ל"
869,מגדל השתלמות מניות
872,פסגות מרפא
874,מיטב דש גמל כללי
875,"מיטב דש גמל אג""ח צמוד מדד"
876,מיטב דש גמל שקלי
877,מיטב דש גמל מניות
880,מיטב דש השתלמות כללי
881,"מיטב דש השתלמות אג""ח צמוד מדד"
883,מיטב דש השתלמות מניות
885,מיטב דש פיצויים - רבת מסלולים
886,מיטב דש פיצויים - כללי
892,כלל לדמי מחלה
923,מיטב דש בטחון
948,מיטב דש גמל שקלי טווח קצר
954,הפניקס מרכזית
961,הפניקס תגמולים ופיצויים - מסלול מניות
962,אנליסט השתלמות כללי
963,אנליסט השתלמות מניות
964,הפניקס השתלמות-כללי
968,הפניקס השתלמות - מסלול מניות
969,אישית לפיצויים-אוניברסיטה עברית
972,"אנליסט השתלמות אג""ח"
973,"אנליסט השתלמות אג""ח ממשלת ישראל"
989,פסגות גדיש פאסיבי- מדדי מניות
1008,הלמן-אלדובי מחלה
1034,"הראל השתלמות מסלול חו""ל"
1035,"ילין לפידות קופת גמל מסלול אג""ח עד 25% מניות"
1036,ילין לפידות קופת גמל מסלול מניות
1037,"ילין לפידות קופת גמל מסלול אג""ח"
1038,"ילין לפידות קרן השתלמות מסלול אג""ח עד 25% מניות"
1039,ילין לפידות מרכזית לפיצויים
1055,איילון השתלמות מניות
1056,"איילון השתלמות מט""ח"
1057,"איילון השתלמות אג""ח"
1059,פסגות שיא השתלמות פאסיבי-כללי
1061,איילון השתלמות מסלול שקלי
1062,איילון תגמולים ואישית לפיצויים מניות
1063,"איילון תגמולים ואישית לפיצויים מט""ח"
1064,"איילון תגמולים ואישית לפיצויים אג""ח"
1068,איילון תגמולים ואישית לפיצויים שקלי
1070,איילון מרכזית לפיצויים צמוד מדד
1078,"אינפיניטי גמל אג""ח"
1079,אינפיניטי גמל מניות בישראל
1083,אינפיניטי השתלמות כללי
1084,"אינפיניטי השתלמות אג""ח"
1085,אינפיניטי השתלמות מניות בישראל
1093,אלטשולר שחם השתלמות כללי
1094,אלטשולר שחם פיצויים
1095,"אינפיניטי פיצויים סל אג""ח"
1100,"אקסלנס השתלמות אג""ח עד 15% מניות"
1107,"מיטב דש פיצויים אג""ח ללא מניות"
1110,"מנורה השתלמות אג""ח קונצרני"
1114,מנורה השתלמות שקלי לטווח קצר
1144,מנורה מרכזית לפיצויים כללי
1145,מנורה מרכזית לפיצויים עד 10% מניות
1147,"מנורה מבטחים תגמולים אג""ח עד 10% מניות"
1149,"מנורה  השתלמות אג""ח עד 10% מניות"
1154,מבטחים חופשה חגים והבראה
1156,מגדל לתגמולים ולפיצויים ביג כללי לפחות 30% מניות
1157,מגדל השתלמות ביג כללי לפחות 30% מניות
1161,מקפת דמי מחלה
1162,ילין לפידות קרן השתלמות מסלול כללי
1182,קרן השתלמות של עובדי האוניברסיטה העברית
1183,פסגות שיא השתלמות ישראל
1190,"אקסלנס השתלמות אג""ח עד 25% מניות"
1192,לאומי קופה מרכזית לפיצויים
1198,"אי.בי.אי לתגמולים ופיצויים אג""ח ללא מניות"
1201,אי.בי.אי תגמולים ופיצויים מניות
1202,"אי.בי.אי השתלמות אג""ח ללא מניות"
1203,"אי.בי.אי קרן השתלמות מסלול אג""ח עד 10% מניות"
1204,אי.בי.אי השתלמות כללי
1205,אי.בי.אי השתלמות מניות
1206,אי.בי.אי מרכזית לפיצויים מסלול כללי
1209,"אינפיניטי גמל אג""ח ממשלת ישראל"
1210,"אינפיניטי השתלמותאג""ח ממשלת ישראל"
1211,אינפיניטי פיצויים סל מניות
1219,פסגות קמה
1223,פסגות פיצויים בטא
1225,"פסגות פיצויים אג""ח"
1233,"הלמן-אלדובי מסלול אג""ח"
1240,"מיטב דש השתלמות אג""ח ללא מניות"
1256,מנורה השתלמות-מניות
1257,"רום רביד אג""ח ללא מניות"
1258,רום ספיר מניות
1262,מינהל - השתלמות - מניות
1276,מיטב דש פיצויים סלע
1280,מנורה מבטחים משתתפת בפנסיה תקציבית
1282,"מרכזית לפנסיה תקציבית של עובדי עיריית ת""א"
1284,כלל תקציבית
1290,אלטשולר שחם השתלמות כללי ב'
1294,מור מסלול מניות
1296,הראל קופה לפנסיה תקציבית
1304,מקפת תקציבית
1309,"פסגות עתיד גמל מרכזית אג""ח"
1316,"רעות - אג""ח ללא מניות"
1317,רעות מניות
1318,הנדסאים וטכנאים - מסלול מניות
1319,"ילין לפידות קרן השתלמות מסלול אג""ח"
1330,פסגות גדיש מניות
1331,פסגות גדיש אגח עד 10% מניות
1332,"פסגות גדיש אג""ח"
1333,פסגות גדיש כספי
1334,הראל גמל שקלי טווח קצר
1335,"הראל גמל מסלול אג""ח ללא מניות"
1343,מנורה מבטחים תגמולים שקלי טווח קצר
1344,"מנורה מבטחים תגמולים אג""ח ממשלת ישראל"
1348,"כלל השתלמות אג""ח צמוד מדד"
1350,כלל השתלמות מניות
1351,כלל השתלמות שקלי טווח קצר
1353,מיטב דש השתלמות מעל 6 שנות וותק
1354,"הפניקס השתלמות - מסלול אג""ח"
1355,"הפניקס תגמולים ופיצויים - מסלול אג""ח"
1359,מנורה מבטחים משתתפת בפנסיה תקציבית ללא מניות
1360,"ילין לפידות קופת גמל מסלול אג""ח ממשלת ישראל"
1361,"ילין לפידות קרן השתלמות מסלול אג""ח ממשלת ישראל"
1364,מנורה מבטחים תגמולים מסלול מניות
1367,"הלמן-אלדובי השתלמות אג""ח עד 15% במניות"
1368,הראל גמל מסלול שקלי
1369,הראל השתלמות מסלול שקלי
1370,מיטב דש השתלמות שקלי טווח קצר
1372,מיטב דש פיצויים  - טווח קצר
1374,מנורה מרכזית לפיצויים ללא מניות
1375,אלטשולר שחם גמל מניות
1376,"אלטשולר שחם גמל אג""ח ללא מניות"
1377,אלטשולר שחם השתלמות מניות
1378,"אלטשולר שחם השתלמות אג""ח ללא מניות"
1384,"הנדסאים וטכנאים מסלול אג""ח"
1385,"מינהל - השתלמות - אג""ח"
1386,"מיטב דש גמל אג""ח ממשלת ישראל"
1387,"מיטב דש השתלמות אג""ח ממשלת ישראל"
1394,אלטשולר שחם גמל כספי
1395,"אלטשולר שחם גמל אג""ח ממשלות"
1398,אלטשולר שחם השתלמות כספי
1399,"אלטשולר שחם השתלמות  אג""ח ממשלות"
1404,"עובדי המדינה - אג""ח ממשלת ישראל"
1405,"עיריית ת""א תגמולים מסלול אג""ח."
1408,"מנורה השתלמות-אג""ח ממשלת ישראל"
1409,"מנורה מבטחים השתלמות-מניות חו""ל"
1410,"קרן החיסכון לצבא הקבע מסלול אג""ח ללא מניות"
1411,קרן החיסכון לצבא הקבע מניות
1412,"אנליסט גמל אג""ח ממשלת ישראל"
1413,אנליסט קופה מרכזית לפיצויים מסלול  ממשלתי
1416,"אי.בי.אי מרכזית לפיצויים מסלול אג""ח"
1417,"אלטשולר שחם פיצויים מסלול אג""ח"
1424,פסגות שיא השתלמות אגח עד 10% מניות
1429,"פסגות שיא השתלמות אג""ח ממשלת ישראל"
1430,רעות שיקלי
1431,"פסגות גדיש אג""ח ממשלת ישראל"
1433,"ק.ל.ע מסלול אג""ח עד 25% מניות"
1434,"קופת גמל עמ""י מסלול ללא מניות"
1438,"עוצ""מ - מסלול אג""ח ממשלות"
1441,"מחר גמל אג""ח ממשלת ישראל"
1442,"אי.בי.אי תגמולים ופיצויים פאסיבי - מדדי אג""ח ממשלת ישראל"
1443,"אי.בי.אי השתלמות פאסיבי - מדדי אג""ח ממשלת ישראל"
1445,"אומגה קרן השתלמות מסלול אג""ח"
1446,אומגה קרן השתלמות מסלול מניות
1451,"קרן השתלמות לאקדמאים במדעי החברה והרוח מסלול אג""ח"
1452,קרן השתלמות לאקדמאים במדעי החברה והרוח מסלול מניות
1454,השתלמות משפטנים מנייתי
1455,השתלמות משפטנים ללא מניות
1456,אחים ואחיות - מסלול ללא מניות
1471,"פ.ר.ח - אג""ח ללא מניות"
1472,"השתלמות רופאים אג""ח ממשלת ישראל"
1476,"אל על - אג""ח"
1477,עיריית תל אביב תגמולים מסלול מניות
1482,הפניקס תגמולים ופיצויים- שיטת הפניקס
1483,הפניקס השתלמות -שיטת הפניקס
1484,"הראל גמל מסלול אג""ח קונצרני"
1485,"הראל השתלמות אג""ח ללא מניות"
1486,מיטב גמל בניהול אישי
1487,מיטב השתלמות בניהול אישי
1488,הלמן-אלדובי תגמולים בניהול אישי
1489,הלמן-אלדובי השתלמות בניהול אישי
1490,"אינפיניטי גמל  אג""ח קונצרני"
1491,"אינפיניטי השתלמות  אג""ח קונצרני"
1514,פסגות גמל בניהול אישי
1515,פסגות השתלמות בניהול אישי
1522,מחר גמל מניות
1523,הראל השתלמות מסלול כהלכה
1524,הראל גמל מסלול כהלכה
1526,אל על - מניות
1528,מיטב דש פיצויים שקלי
1533,כלל תמר מסלול הלכתי (הוד)
1534,כלל השתלמות הלכה
1535,אנליסט השתלמות שקלי טווח קצר
1536,"אינפיניטי גמל  מניות בחו""ל"
1537,"אינפיניטי השתלמות מניות בחו""ל"
1538,איילון השתלמות כהלכה
1539,אינפיניטי פיצויים רבת מסלולים
1541,אקסלנס תגמולים בניהול אישי
1542,אקסלנס השתלמות בניהול אישי
1543,"אי.בי.אי תגמולים ופיצויים פאסיבי - מדדי מניות חו""ל"
1544,"אי.בי.אי השתלמות פאסיבי - מדדי מניות חו""ל"
1689,מיטב דש גמל פאסיבי מדדי מניות
1692,"מיטב דש גמל פאסיבי מדדי אג""ח עד 25% במדדי מניות"
1820,"ק.ס.מ אג""ח"
1821,ק.ס.מ מניות
1861,מנורה מבטחים השתלמות טווח ארוך
1912,פסגות עתיד גמל מרכזית כללי
2008,אלטשולר שחם פיצויים כספית
2017,פסגות גדיש הלכה
2018,פסגות שיא השתלמות  הלכה
2023,הפניקס גמל בניהול אישי
2024,הפניקס השתלמות בניהול אישי
2035,מורים וגננות - מסלול הלכה
2036,"מורים וגננות - מסלול אג""ח"
2037,מורים תיכוניים - מסלול הלכה
2038,"מורים תיכוניים - מסלול אג""ח"
2039,מורים וגננות - מסלול הלכה
2040,"מורים וגננות - מסלול אג""ח"
2041,מורים תיכוניים - מסלול הלכה
2042,"מורים תיכוניים - מסלול אג""ח"
2048,מגדל השתלמות  הלכה
2049,הלמן-אלדובי בר-יציב שריעה
2051,"מיטב דש גמל חו""ל"
2055,"מיטב דש השתלמות חו""ל"
2058,הלמן-אלדובי השתלמות שריעה
2080,"אוניברסיטת ת""א - מסלול שקלי"
2084,מנורה מבטחים השתלמות בניהול אישי
2086,אנליסט קופה מרכזית לפיצויים מסלול עד 10% במניות
2089,"אקסלנס גמל אג""ח עד 20% מניות"
2091,"אקסלנס השתלמות אג""ח עד 20% מניות"
2098,אי.בי.אי גמל בניהול אישי
2100,אי.בי.אי השתלמות בניהול אישי
2113,אינפיניטי גמל IRA בניהול אישי
2114,אינפיניטי השתלמות IRA בניהול אישי
2115,"כלל השתלמות אג""ח"
2234,"גמל דיסקונט אג""ח ממשלת ישראל"
2235,איי.אר.איי ישראל גמל בניהול אישי
2236,איי.אר.איי ישראל השתלמות בניהול אישי
2238,איילון תגמולים ואישית לפיצויים כהלכה
2244,"פסגות שיא השתלמות חו""ל"
2252,"אינפיניטי השתלמות אג""ח עד 15% מניות"
2254,אינפיניטי השתלמות לחוסכים מוטי סיכון
2255,"אי.בי.אי קופה לתגמולים ופיצויים מחקה מדד ת""א 25"
2256,אי.בי.אי תגמולים ופיצויים מחקה מדד S&P500
2262,אי.בי.אי לתגמולים ופיצויים פאסיבי משולב עד 10% מניות
2263,אי.בי.אי לתגמולים ופיצויים פאסיבי משולב עד 25% מניות
2264,"אי.בי.אי השתלמות מחקה מדד ת""א 25"
2265,אי.בי.אי השתלמות מחקה מדד S&P500
2270,אי.בי.אי השתלמות פאסיבי משולב עד 10% מניות
2271,אי.בי.אי השתלמות פאסיבי משולב עד 25% מניות
7205,מחוג  מסלול לבני 50 ומטה
7206,מחוג  מסלול לבני 50 עד 60
7207,מחוג מסלול לבני 60 ומעלה
7209,קו הבריאות לבני 50 ומטה
7210,קו הבריאות לבני 50-60
7211,קו הבריאות לבני 60 ומעלה
7215,מיטב דש גמל לבני 50 ומטה
7218,עריית חיפה עד 50
7219,עריית חיפה 50-60
7220,עריית חיפה 60 ומעלה
7221,"עו""ס גמל לבני 50 ומטה"
7222,"עו""ס גמל לבני 50 עד 60"
7223,"עו""ס גמל לבני 60 ומעלה"
7228,תגמולים האוניברסיטה העברית עד 50
7229,תגמולים האוניברסיטה העברית 60 ומעלה
7231,אינפיניטי גמל מסלול לבני 50 ומטה
7232,אינפיניטי גמל מסלול לבני 50 עד 60
7233,אינפיניטי גמל מסלול לבני 60 ומעלה
7240,כלנית גמל לבני 60 ומעלה
7242,גל גמל לבני 50 ומטה
7243,גל גמל לבני 50 עד 60
7244,גל גמל לבני 60 ומעלה
7245,כלנית גמל לבני 50 עד 60
7246,כלנית גמל לבני 50 ומטה
7253,מגדל השתלמות לבני 50 ומטה
7254,מגדל השתלמות לבני 50 עד 60
7256,מגדל השתלמות פאסיבי כללי
7635,"עובדי מדינה - משולב-אג""ח עד 15 אחוז מניות"
7703,אנליסט השתלמות כללי פאסיבי
7704,"אנליסט גמל פאסיבי - מדדי אג""ח"
7818,"אי.בי.אי תגמולים ופיצויים פאסיבי - מדדי אג""ח"
7819,אי.בי.אי השתלמות פאסיבי - כללי
8012,"מגדל לתגמולים ולפיצויים אג""ח עד 10% מניות"
8056,ילין לפידות מרכזית לפיצויים כללי ב'
8057,"הראל גמל מסלול חו""ל"
8058,"הראל השתלמות אג""ח קונצרני"
8128,"אנליסט גמל  אג""ח עד 10% במניות"
8129,"אנליסט השתלמות כללי אג""ח עד 10% מניות"
8339,"מסלול - אג""ח"
8382,"מסלול מישור אג""ח"
8394,מורים על יסודי מסלול הלכה
8395,מישור מסלול הלכה
8563,ילין לפידות קרן השתלמות מסלול מניות
8597,"הפניקס השתלמות - מסלול אג""ח עד 25% מניות"
8624,"אקסלנס גמל פאסיבי-מדדי אג""ח עד 25% במדדי מניות"
8626,אקסלנס גמל פאסיבי- מדדי מניות
8627,"אקסלנס גמל פאסיבי-מדדי אג""ח"
8628,"אקסלנס השתלמות פאסיבי-מדדי אג""ח עד 25% במדדי מניות"
8629,אקסלנס השתלמות פאסיבי - כללי
8630,אקסלנס השתלמות פאסיבי-מדדי מניות
8631,"אקסלנס השתלמות פאסיבי-מדדי אג""ח"
8679,"אנליסט השתלמות אג""ח עד 20% במניות"
8695,"אינטרגמל תגמולים - מדד ""מניות תל אביב 25"""
8696,"""אינטרגמל תגמולים - אג""ח ממשלת ישראל, צמוד מדד לטווח של 5-10 שנים"
8697,"אינטרגמל תגמולים - אג""ח ממשלתי שקלי בריבית קבועה"
8698,"אינטרגמל תגמולים - מדד ""תל בונד 20"""
8699,אינטרגמל תגמולים - מסלול מזומנים ושווי מזומנים
8701,"""אינטרגמל השתלמות""-מדד ""מניות תל אביב 25"""
8702,"""אינטרגמל השתלמות""-אג""ח ממשלת ישראל, צמוד מדד לטווח של 5-10 שנים"
8703,"""אינטרגמל השתלמות""-אג""ח ממשלתי שקלי בריבית קבועה"
8704,"""אינטרגמל השתלמות""-מדד ""תל בונד 20"""
8705,"""אינטרגמל השתלמות""-מסלול מזומנים ושווי מזומנים"
8759,הראל גמל IRA IRA
8761,הראל השתלמות IRA IRA
8765,אקסלנס קסם מרכזית לפיצויים מחקה מדדים
8766,"אקסלנס קסם מרכזית לפיצויים מחקה מדדי אג""ח"
8779,"אנליסט השתלמות חו""ל"
8885,"מיטב דש השתלמות אג""ח עד 25% במניות"
8888,מגדל לתגמולים בניהול אישי IRA
8890,מגדל השתלמות בניהול אישי IRA
8891,"רעות אג""ח עד 10% במניות"
9418,אקסלנס גמל מסלולית לפיצויים רבת מסלולים
9431,"איילון תגמולים ואישית לפיצויים חו""ל"
9432,"איילון השתלמות חו""ל"
9451,אינטרגמל השתלמות -מניות S&P500
9452,אינטרגמל תגמולים - מניות מדד S&P500
9475,אקסלנס מרכזית לפיצויים שקלי קצר
9479,עובדי מדינה - מניות
9482,אי.בי.אי. - קופת גמל מרכזית להשתתפות בפנסיה תקציבית כללי כללי
9484,הלמן-אלדובי פנסיה תקציבית
9491,מיטב דש להשתתפות בפנסיה תקציבית כללי
9528,הפניקס השתלמות - מסלול הלכה
9529,הפניקס תגמולים ופיצויים - מסלול לבני 50 עד 60
9530,הפניקס תגמולים ופיצויים - מסלול לבני 60 ומעלה
9532,"קופת גמל למשרתי הקבע בצה""ל  - לגילאי 50 עד 60"
9533,"קופת גמל למשרתי הקבע בצה""ל - לגילאי 60 ומעלה"
9539,אינפיניטי גמל לפנסיה תקציבית
9545,"הפניקס השתלמות - מסלול פאסיבי - מדדי אג""ח"
9546,"הפניקס השתלמות - מסלול פאסיבי - מדדי אג""ח חו""ל"
9547,הפניקס השתלמות מסלול פאסיבי - מדדי מניות
9548,"הפניקס השתלמות - מסלול פאסיבי- מדדי מניות חו""ל"
9549,הפניקס השתלמות - מסלול מתמחה שקלי טווח קצר
9550,איילון תגמולים ואישית לפיצויים עד 50
9551,איילון תגמולים ואישית לפיצויים 60 ומעלה
9552,איילון אגוד תגמולים עד 50
9553,איילון אגוד תגמולים 60 ומעלה
9568,הראל השתלמות כללי פאסיבי
9625,תעשיה אוירית מסלול לבני 60 ומעלה
9651,כלל תמר עד 50
9652,כלל תמר 50-60
9653,כלל תמר 60 ומעלה
9662,"מנורה השתלמות אג""ח עד 20% מניות"
9676,אינטרגמל השתלמות מעורב מחקה מדדים
9677,אינטרגמל תגמולים מעורב מחקה מדדים
9730,אנליסט גמל - מסלול לבני 50 ומטה
9731,אנליסט גמל מסלול לבני 50-60
9732,אנליסט גמל מסלול לבני 60  ומעלה
9742,הראל גמל מסלול לגילאי 50 עד 60
9744,הראל גמל מסלול לגילאי  50 ומטה
9745,הראל גמל מסלול לגילאי 60 ומעלה
9755,אל על עד 50
9756,אל על 60 ומעלה
9779,מגדל לתגמולים ולפיצויים מסלול לבני 50 ומטה
9780,מגדל לתגמולים ולפיצויים מסלול לבני 50 עד 60
9781,מגדל לתגמולים ולפיצויים מסלול לבני 60 ומעלה
9783,"עוצ""מ - מסלול לבני 50 ומטה"
9784,"עוצ""מ - מסלול לבני 50 עד 60"
9785,"עוצ""מ - מסלול לבני 60 ומעלה"
9789,מור  מנורה מבטחים עד 50
9790,מור  מנורה מבטחים 50-60
9791,מור  מנורה מבטחים 60 ומעלה
9792,מנורה מבטחים תגמולים 50-60
9793,מנורה מבטחים תגמולים עד 50
9794,מנורה מבטחים תגמולים 60 ומעלה
9795,מנורה מבטחים תגמולים הלכה
9796,הילה עד 50
9797,הילה 50-60
9798,הילה 60 ומעלה
9799,רשף עד 50
9800,רשף 50-60
9801,רשף 60 ומעלה
9802,"אומגה קרן השתלמות אג""ח עד 15% מניות"
9803,"אומגה קרן השתלמות אג""ח עד 25% מניות"
9805,שובל עד 50
9806,שובל 50-60
9807,שובל 60 ומעלה
9808,אי.בי.אי. לתגמולים ופיצויים מסלול לבני 50 עד 60
9809,אי.בי.אי. לתגמולים ופיצויים מסלול לבני 50 ומטה
9810,אי.בי.אי. לתגמולים ופיצויים מסלול לבני 60 ומעלה
9817,תגמולים האוניברסיטה  50-60
9818,תגמולים האוניברסיטה  מניות
9819,"קופת גמל למשרתי הקבע בצה""ל עד 50"
9844,פסגות לעמיתי חבר עד 50
9845,פסגות לעמיתי חבר לבני 50-60
9846,פסגות לעמיתי חבר לבני 60 ומעלה
9854,איילון אגוד תגמולים 50 עד 60
9855,איילון תגמולים ואישית לפיצויים 50 עד 60
9869,הלמן-אלדובי השתלמות פאסיבי -כללי
9870,"הלמן-אלדובי השתלמות חו""ל"
9871,הלמן-אלדובי השתלמות ישראל
9877,הלמן-אלדובי בר-יציב מסלול לבני 50 ומטה
9878,הלמן-אלדובי בר-יציב מסלול לבני 50 עד 60
9879,הלמן-אלדובי בר-יציב מסלול לבני 60 ומעלה
9880,"הלמן-אלדובי בר-יציב חו""ל"
9882,"אקסלנס השתלמות אג""ח עד 10% מניות"
9884,הפניקס תגמולים ופיצויים - מסלול לבני 50 ומטה
9889,פסגות גדיש לבני 50 ומטה
9890,פסגות גדיש לבני  50-60
9891,פסגות גדיש לבני  60 ומעלה
9892,תעשיה אוירית לבני 50 עד 60
9893,תעשיה אוירית מסלול לבני 50 ומטה
9899,כור תדיראן מסלול לבני 50 ומטה
9900,כור תדיראן מסלול לבני 50 עד 60
9901,כור תדיראן מסלול לבני 60 ומעלה
9905,"אקסלנס גמל פאסיבי- מדדי חו""ל"
9906,אקסלנס גמל שיקלי טווח קצר
9916,אקסלנס גמל לבני 50 ומטה
9917,אקסלנס גמל לבני 50 עד 60
9918,אקסלנס גמל לבני 60 ומעלה
9919,"אקסלנס השתלמות פאסיבי- מדדי חו""ל"
9920,ארם 50-60
9921,ארם 60 ומעלה
9922,ארם עד 50
9924,הגומל גמל
9925,הגומל גמל
9926,הגומל גמל
9927,גמל דיסקונט לבני 50 ומטה
9928,גמל דיסקונט לבני 50 עד 60
9929,גמל דיסקונט לבני 60 ומעלה
9930,אל על 50-60
9935,מחר גמל לבני 50 ומטה
9936,מחר גמל לבני 50 עד 60
9937,מחר גמל לבני 60 ומעלה
9938,"קופת גמל עמ""י מסלול לבני 50 ומטה"
9939,ילין לפידות קופת גמל מסלול לבני 50 ומטה
9940,ילין לפידות קופת גמל מסלול לבני 50 עד 60
9941,ילין לפידות קופת גמל מסלול לבני 60 ומעלה
9942,"קופת גמל עמ""י  60 ומעלה"
9943,"קופת גמל עמ""י  50-60"
9947,שדות גמל לבני 50 ומטה
9948,שדות גמל לבני 60 ומעלה
9949,שדות גמל לבני 50 עד 60
9950,אלטשולר שחם גמל לבני 50 ומטה
9951,אלטשולר שחם גמל לבני 50 עד 60
9952,אלטשולר שחם גמל לבני 60 ומעלה
9953,הנדסאים גמל - מסלול עד 50
9954,הנדסאים גמל - מסלול 50-60
9955,הנדסאים גמל - 60 ומעלה
9956,"פיצויים עיריית ת""א - לבני 50 ומטה"
9957,"פיצויים עיריית ת""א - מסלול לבני 50-60"
9958,"פיצויים עיריית ת""א -מסלול 60 ומעלה"
9962,"עירית ת""א תגמולים מסלול לבני 50 ומטה."
9963,"עירית ת""א תגמולים מסלול לבני 50-60"
9964,"עירית ת""א תגמולים מסלול לבני 60 ומעלה"
